Date,Close,Equity
10206.537609943625,1.58172e+06,10000
9758.13287439045,6.23765e+06,10000
9442.893587577937,7.12939e+06,10000
9719.987182942737,5.54846e+06,10000
9473.71252797368,7.65994e+06,10000
9802.103157688396,7.40231e+06,10000
10011.747560176276,2.38942e+06,10000
10148.355373713712,1.78605e+06,10000
9612.032399297867,1.70537e+06,10000
8902.276358336434,2.20393e+06,10000
8696.13240101362,8.13265e+06,10000
8643.997975097882,6.48898e+06,10000
8096.339331685878,9.78075e+06,10000
8573.51004988332,3.05128e+06,10000
8775.405029221743,4.13904e+06,10000
8717.082425310286,9.94567e+06,10000
8643.113326452492,9.42131e+06,10000
8257.039626335536,5.49823e+06,10000
8374.986162016281,9.50101e+06,10000
8485.587946264463,4.07318e+06,10000
8575.752537772536,4.12105e+06,10000
8623.05981618681,1.67412e+06,10000
8858.000589518111,8.79302e+06,10000
8861.509364977073,9.99051e+06,10000
8656.135040468815,2.1464e+06,10000
8418.89539520607,8.07318e+06,10000
8250.835782921724,3.70068e+06,10000
8451.897325735019,8.61204e+06,10000
8490.77341406157,4.88938e+06,10000
8628.305588748863,9.65061e+06,10000
8835.683555036072,2.79044e+06,10000
9171.547655209726,2.12093e+06,10000
9210.756185401213,5.13391e+06,10000
9184.815608110111,3.6847e+06,10000
8987.6610129073,9.64248e+06,10000
9240.76638301497,4.86884e+06,10000
9119.498736065701,9.66422e+06,10000
8886.858402063624,2.61401e+06,10000
8951.928436036147,4.93368e+06,10000
9248.21964483515,6.44813e+06,10000
9155.096257118637,7.46201e+06,10000
9168.20332957822,5.05156e+06,10000
8995.694108104995,1.16696e+06,10000
9121.434835628897,8.736e+06,10000
8332.375197080684,4.06874e+06,10000
8698.774021824935,3.79865e+06,10000
8814.610835041181,4.00987e+06,10000
9226.898247546824,8.87246e+06,10000
9521.158138013498,6.08684e+06,10000
9615.98071997292,8.07465e+06,10000
9393.120416974358,8.61657e+06,10000
9713.78313922765,9.26761e+06,10000
9538.206452811255,4.78321e+06,10000
9779.715444609701,9.27331e+06,10000
9900.217864629054,7.80896e+06,10000
9484.064133068747,7.58466e+06,10000
9961.186919129184,6.7346e+06,10000
9819.078337448114,1.92702e+06,10000
10139.59846416547,8.21469e+06,10000
9951.361407036466,2.65128e+06,10000
10229.047284244778,7.63324e+06,10000
10216.260792912033,5.00571e+06,10000
10331.162787192847,8.50876e+06,10000
10718.149368772647,3.59819e+06,10000
10229.357105556961,9.374e+06,10000
10135.215594022766,3.8669e+06,10000
9857.40254179899,9.43907e+06,10000
10216.198160028523,1.75556e+06,10000
10324.295609955396,2.06881e+06,10000
10383.984871901694,4.81592e+06,10000
10425.232615408378,5.50142e+06,10000
10289.983976440693,8.54941e+06,10000
9917.204928822865,8.7088e+06,10000
9769.944518090568,3.60841e+06,10000
9903.762757295479,3.69282e+06,10000
9784.388958751722,4.81338e+06,10000
9854.12900527638,1.29709e+06,10000
9963.64214578797,2.95871e+06,10000
10049.224878375548,8.02811e+06,10000
9744.646568830221,6.70058e+06,10000
9808.579219704645,3.33404e+06,10000
10001.384808788545,5.4633e+06,10000
9788.780253945253,2.83696e+06,10000
10171.327205574178,6.1939e+06,10000
10114.81012205292,5.79623e+06,10000
10311.841192487276,9.36531e+06,10000
10495.657109585733,3.31164e+06,10000
10141.826794670968,3.05475e+06,10000
10095.465129109858,7.37567e+06,10000
10284.332515252463,2.37094e+06,10000
10215.5385582114,4.45104e+06,10000
10152.374854110863,2.77408e+06,10000
9592.799897053885,1.41486e+06,10000
9971.025543398056,6.05819e+06,10000
10397.735162842893,5.94259e+06,10000
10248.216430004199,3.26077e+06,10000
10667.342629429162,9.04269e+06,10000
10674.939314452866,6.18255e+06,10000
10182.530061399813,7.51051e+06,10000
10425.739400722114,3.24359e+06,10000
10538.142526345968,3.07392e+06,10000
10982.809908842053,6.20254e+06,10000
10889.341054209222,6.73574e+06,10000
11247.701591797644,5.57867e+06,10000
10965.831033005317,5.70793e+06,10000
11070.559322247149,8.82276e+06,10000
11354.164599287067,7.83964e+06,10000
10984.389227971968,5.64071e+06,10000
11480.222763104615,7.58141e+06,10000
11452.796581308812,1.98075e+06,10000
11708.320008789287,1.20269e+06,10000
12072.97863543539,7.83748e+06,10000
12187.717304441003,2.61863e+06,10000
12305.130875182564,2.05545e+06,10000
12567.026242714512,8.34523e+06,10000
12934.15579011824,1.11049e+06,10000
13036.42729613709,6.14176e+06,10000
13064.146209189395,6.37346e+06,10000
12928.880427452787,9.80842e+06,10000
13239.010572468584,4.14465e+06,10000
13679.63514282359,4.3904e+06,10000
13625.427609306578,2.71399e+06,10000
13096.615898375918,2.29237e+06,10000
13357.844987557466,6.35744e+06,10000
12952.251860344424,6.62246e+06,10000
12737.501213345186,5.26927e+06,10000
12700.716055108585,1.78669e+06,10000
12746.856956850284,5.59754e+06,10000
12250.855724702094,1.11015e+06,10000
12870.72940713807,1.90431e+06,10000
12857.471580549873,2.70619e+06,10000
12833.151681742478,3.82093e+06,10000
12974.300883980133,5.47793e+06,10000
13065.691212228603,2.96794e+06,10000
12389.082283674383,3.58896e+06,10000
12402.389657201324,1.69553e+06,10000
11979.65840764145,3.13853e+06,10000
11779.271528675636,9.90017e+06,10000
11862.744652014955,1.9677e+06,10000
11991.377599038573,7.82054e+06,10000
12722.213961256695,3.93263e+06,10000
12823.194618555463,4.2406e+06,10000
13270.356335513932,5.2603e+06,10000
13299.529101145114,5.08094e+06,10000
13639.406776157506,3.45150e+06,10000
13357.791634369183,1.03137e+06,10000
13049.143809248271,7.3055e+06,10000
13157.372498986757,6.16358e+06,10000
12893.540760757956,1.96429e+06,10000
12667.47168249285,3.0434e+06,10000
12672.668212853761,5.04041e+06,10000
12773.123716793847,1.35307e+06,10000
12613.978869409126,7.02073e+06,10000
13048.068793821498,8.36446e+06,10000
13306.573694910216,3.18432e+06,10000
13355.896257708639,5.98905e+06,10000
13585.771446324083,2.20042e+06,10000
13821.722784139156,3.71798e+06,10000
13907.77557298939,1.19504e+06,10000
14033.910440923462,8.79261e+06,10000
12916.193080444416,5.96663e+06,10000
13201.002601691562,7.89083e+06,10000
12888.277200897435,9.59544e+06,10000
13356.940901438486,3.07228e+06,10000
13009.656827145061,8.56378e+06,10000
12431.433498949285,4.25839e+06,10000
12861.3853973835,9.38674e+06,10000
12816.171111773574,9.35332e+06,10000
12656.513882667376,4.94642e+06,10000
12249.331529636052,7.19165e+06,10000
12518.132406104844,3.96473e+06,10000
12383.90976887435,7.07305e+06,10000
12120.131001924672,2.84126e+06,10000
12380.586684286207,7.4258e+06,10000
11784.949855910965,5.82781e+06,10000
11968.572192674648,7.37033e+06,10000
12017.33313480849,5.19867e+06,10000
12527.355600109588,7.65581e+06,10000
12635.99158462462,3.51808e+06,10000
12620.94541673702,2.74034e+06,10000
12838.645752609304,9.59971e+06,10000
12755.370072526539,6.71326e+06,10000
12946.476221750141,5.17132e+06,10000
13037.204225993619,8.55783e+06,10000
13297.643799181624,5.5244e+06,10000
13321.35037657584,2.35297e+06,10000
12982.892696084642,6.63107e+06,10000
12474.136165554635,6.05874e+06,10000
11874.155564505729,3.18027e+06,10000
11013.836054828571,3.82025e+06,10000
10912.327701584625,2.34493e+06,10000
11174.389410999054,6.44705e+06,10000
11395.48289287007,9.93762e+06,10000
11575.584477078626,6.07092e+06,10000
11177.298272073811,9.62220e+06,10000
10775.720659380402,2.38946e+06,10000
10902.604480565973,1.9269e+06,10000
11223.69228555,9.3169e+06,10000
11041.07813085576,7.9165e+06,10000
11128.25285168701,1.40239e+06,10000
11570.991863337857,4.46998e+06,10000
11410.575735490149,6.59189e+06,10000
11467.140027037189,1.1225e+06,10000
11944.182471432901,8.521e+06,10000
12235.193353087903,8.13912e+06,10000
12022.853049098623,5.88425e+06,10000
12183.353489852974,6.88922e+06,10000
11894.907216594454,6.02412e+06,10000
12045.254821571989,8.70156e+06,10000
11938.81408007843,1.88643e+06,10000
11812.242248434304,7.47664e+06,10000
11992.137448049427,4.83268e+06,10000
12119.591791918236,3.90749e+06,10000
11880.561249484448,2.91720e+06,10000
12220.76699691613,6.24200e+06,10000
11628.430058007218,3.38797e+06,10000
11646.975585541197,7.91163e+06,10000
11806.579637474782,4.68684e+06,10000
11574.252170018717,4.93473e+06,10000
11362.648489514559,9.97695e+06,10000
11558.135946261978,7.64176e+06,10000
11320.580800520007,5.75294e+06,10000
10801.341105990583,5.25519e+06,10000
10473.71862573105,2.69546e+06,10000
10696.92756290597,8.04942e+06,10000
12066.13392224479,4.1643e+06,10000
12213.8728774159,4.35566e+06,10000
12079.192789737202,5.77772e+06,10000
12596.968637241069,4.47779e+06,10000
12065.218584754744,3.65408e+06,10000
12119.649844935648,8.43112e+06,10000
11836.22068197513,6.63844e+06,10000
11549.513998897137,1.47891e+06,10000
11137.734730244272,1.9998e+06,10000
11444.298218733511,1.03844e+06,10000
11998.40484135359,2.55822e+06,10000
11457.113589541963,5.12122e+06,10000
11730.288746689794,9.21557e+06,10000
12181.292688944937,8.84816e+06,10000
12211.63152693379,6.46777e+06,10000
11989.376683581326,9.96308e+06,10000
12262.521653983202,7.12689e+06,10000
12553.08025688322,5.03908e+06,10000
12271.676744819311,7.07819e+06,10000
11946.658352200964,6.58263e+06,10000
12326.12219596898,9.95808e+06,10000
11728.189745306008,9.34711e+06,10000
11695.071682382606,9.26131e+06,10000
11386.71737593478,3.4455e+06,10000
10964.798050025203,3.7911e+06,10000
10799.192685681855,7.02185e+06,10000
11277.02225698084,2.16583e+06,10000
11664.673977734961,5.78935e+06,10000
12073.543531576608,3.94086e+06,10000
12879.307242898027,4.84919e+06,10000
12572.454376250627,4.407e+06,10000
12177.185047664309,7.61172e+06,10000
12419.403196253403,2.4835e+06,10000
12286.929914052003,6.58780e+06,10000
11769.471650199488,5.99569e+06,10000
12348.380497881277,5.95291e+06,10000
12809.649988583711,1.96059e+06,10000
12900.751119720553,2.40865e+06,10000
13236.876240203237,6.06793e+06,10000
13070.51702770009,9.94296e+06,10000
12691.441060260342,1.31328e+06,10000
12700.837347682304,4.05181e+06,10000
12436.136731127894,4.34929e+06,10000
13003.72041488641,9.23944e+06,10000
13248.85660369056,2.99883e+06,10000
12757.941748250907,6.92141e+06,10000
12830.97049504566,1.59918e+06,10000
12985.264271898835,5.5619e+06,10000
14096.808509611168,2.83207e+06,10000
14206.20690803762,3.20834e+06,10000
14610.184044878457,2.28448e+06,10000
14375.942356413885,6.45e+06,10000
14178.628349043076,6.00941e+06,10000
13883.856710413558,2.20898e+06,10000
13909.339950958647,2.71238e+06,10000
13695.641288351022,6.71234e+06,10000
13010.798419449335,9.05805e+06,10000
12912.457703069233,3.33119e+06,10000
12671.424436747988,6.42085e+06,10000
12332.133275711918,7.97896e+06,10000
12846.81312934621,7.38724e+06,10000
13453.539669186377,7.29058e+06,10000
12756.456132399959,1.63111e+06,10000
12222.979883226357,2.98032e+06,10000
11852.201820186605,8.18848e+06,10000
11751.325244898935,8.08572e+06,10000
11639.826337990282,9.07104e+06,10000
11535.7658462728,3.47242e+06,10000
11533.803424095253,5.997e+06,10000
11273.477992961309,1.1614e+06,10000
11021.692925720881,1.23551e+06,10000
10845.154345080995,7.53871e+06,10000
10823.500148561609,9.37786e+06,10000
11537.44742742748,6.5387e+06,10000
11031.470031248251,8.36346e+06,10000
10746.170908687238,8.11464e+06,10000
10484.582909096971,4.69425e+06,10000
10472.409225855008,2.06052e+06,10000
10919.225442145354,7.65431e+06,10000
10783.647904039926,8.01115e+06,10000
10934.501019815232,8.74435e+06,10000
11261.664429503757,5.93246e+06,10000
11099.000726327598,1.89353e+06,10000
11176.668309897517,5.11248e+06,10000
10953.988964289485,8.89108e+06,10000
11221.652481724172,4.53533e+06,10000
11401.39372174292,6.86648e+06,10000
11809.105621782228,2.45967e+06,10000
11576.532190041338,3.47132e+06,10000
11353.339946771921,5.94217e+06,10000
10642.220026478171,6.80913e+06,10000
10492.770723491854,9.70738e+06,10000
11233.284870135018,7.64044e+06,10000
10989.37499357574,5.85635e+06,10000
10756.990605329538,3.1363e+06,10000
11408.44745039324,2.17759e+06,10000
11200.67104093414,9.51146e+06,10000
11602.145399868543,5.90115e+06,10000
11733.940880546601,7.91508e+06,10000
10708.263032427429,9.69243e+06,10000
10852.169844517219,7.95241e+06,10000
10950.530716805344,8.10568e+06,10000
10357.076791081623,9.69339e+06,10000
9983.677409752225,7.39121e+06,10000
9499.45716542007,1.1473e+06,10000
9485.356021714066,8.12201e+06,10000
9103.054741734679,1.52413e+06,10000
9202.957508452275,1.64335e+06,10000
8762.453857775196,5.90251e+06,10000
8773.465332605816,7.5247e+06,10000
8830.372761377128,6.3197e+06,10000
8270.607891587199,4.45081e+06,10000
8661.233058829355,6.3211e+06,10000
8220.05631046491,7.65946e+06,10000
8519.716060192635,8.46045e+06,10000
8325.786799252732,6.14997e+06,10000
8524.326284027069,4.14848e+06,10000
8668.631448377018,3.5422e+06,10000
8199.232903244529,2.02037e+06,10000
8161.9926375501045,6.39101e+06,10000
8222.215556562682,7.02232e+06,10000
8134.414875203013,8.21393e+06,10000
8315.086842526365,9.23004e+06,10000
8222.022214900135,2.4835e+06,10000
8345.71638610305,8.0518e+06,10000
8230.658553986812,9.60096e+06,10000
8049.083185809416,6.23403e+06,10000
8177.910472458216,9.38426e+06,10000
8057.152974566785,3.00817e+06,10000
8250.159143760035,6.23176e+06,10000
8456.864203615996,3.74238e+06,10000
8170.791187155847,3.76002e+06,10000
8121.8505115233065,2.43575e+06,10000
8166.77754660586,2.11934e+06,10000
7766.112830869242,6.53970e+06,10000
7927.502337668323,8.80692e+06,10000
7950.657009589269,8.3912e+06,10000
7740.651273930165,8.0596e+06,10000
7679.860245903121,4.76424e+06,10000
7506.1173486668,6.35913e+06,10000
7623.097385639714,3.439e+06,10000
7629.572055375348,1.07318e+06,10000
7470.472833962055,6.1542e+06,10000
7138.285453765023,1.52646e+06,10000
7032.015512570241,3.27638e+06,10000
6882.798554272118,8.88278e+06,10000
6922.649838807847,6.17839e+06,10000
6868.28552419591,9.10335e+06,10000
6774.602053473509,5.26247e+06,10000
7186.135604008247,8.12468e+06,10000
7058.245851960095,5.12724e+06,10000
7064.020630824614,4.32912e+06,10000
7338.446732635117,6.16467e+06,10000
7232.741143121583,4.0568e+06,10000
7280.700646748425,2.78039e+06,10000
7169.99837203624,8.94862e+06,10000
7015.50528025541,4.84015e+06,10000
6739.2523106598155,2.31369e+06,10000
6691.037231150931,7.52791e+06,10000
6688.423216263775,8.1171e+06,10000
6945.506456062833,2.15223e+06,10000
6432.2903837227,5.15893e+06,10000
6552.025992178718,5.09705e+06,10000
6345.490732533593,2.2388e+06,10000
6243.575533312334,8.39305e+06,10000
6279.069247723344,8.63399e+06,10000
5906.358915324677,3.92684e+06,10000
6018.338724047792,6.363e+06,10000
6396.642853605196,1.77669e+06,10000
6526.369768275035,8.34934e+06,10000
6386.630747082577,8.45962e+06,10000
6430.136551411465,1.14828e+06,10000
6358.629238046313,6.10865e+06,10000
6067.944040583274,5.36514e+06,10000
6210.2390434469935,3.35792e+06,10000
6283.33341014032,8.15567e+06,10000
6040.0265480841645,1.65766e+06,10000
6126.975094624796,1.03749e+06,10000
6087.456879763294,8.24638e+06,10000
6107.149410731495,7.2037e+06,10000
6162.032760779326,3.01987e+06,10000
6063.997745713043,3.92978e+06,10000
6020.182560049724,8.15701e+06,10000
6143.453996669663,9.5725e+06,10000
6143.72334388643,4.09278e+06,10000
6116.764922465288,1.2702e+06,10000
6293.795182439614,3.64715e+06,10000
5994.575282252348,9.08484e+06,10000
5807.383062031343,2.30043e+06,10000
5845.908769755702,3.69723e+06,10000
5690.04599900852,3.38413e+06,10000
5818.116669640407,8.95499e+06,10000
5784.036122553146,2.33714e+06,10000
5719.738794041041,4.3942e+06,10000
5652.491599163127,1.35674e+06,10000
5742.2340064798045,6.93807e+06,10000
5716.115378302537,2.87453e+06,10000
5971.542335532785,5.73331e+06,10000
6083.443872415202,7.43212e+06,10000
6071.212029785798,8.45769e+06,10000
6048.379983953546,3.41159e+06,10000
6265.003754687289,9.55093e+06,10000
6160.286108338218,8.78158e+06,10000
6199.984339344017,1.78246e+06,10000
6073.760935364774,7.83993e+06,10000
6228.246567778405,8.46677e+06,10000
6455.2556076919755,6.11962e+06,10000
6562.4205821798305,3.78016e+06,10000
6476.490559635708,1.59559e+06,10000
6601.073310481838,3.57394e+06,10000
6487.789517063326,3.97452e+06,10000
6352.866604641686,3.39506e+06,10000
6230.234420223001,4.35693e+06,10000
6292.450540707045,1.76956e+06,10000
6397.3979168151745,4.78535e+06,10000
6263.123146458359,8.94538e+06,10000
6445.69494675655,4.06533e+06,10000
6320.493501268158,8.49499e+06,10000
6873.17473576486,8.7511e+06,10000
6554.845875577824,2.39825e+06,10000
6603.317788961086,8.13361e+06,10000
6743.23629134384,9.77428e+06,10000
6616.282827452051,9.08131e+06,10000
6631.710669075687,5.51207e+06,10000
6815.566144130546,1.59853e+06,10000
6698.524584366942,9.14408e+06,10000
6615.88593451257,8.69839e+06,10000
6551.052753674105,8.64626e+06,10000
6460.882831999108,3.74318e+06,10000
6079.64549454547,4.67163e+06,10000
6345.648959722905,1.99629e+06,10000
6274.434603984112,7.9153e+06,10000
6219.266517460019,3.29295e+06,10000
6408.140438356663,3.9698e+06,10000
6657.972690600972,8.7085e+06,10000
6816.791178373718,8.52539e+06,10000
6740.617037980268,2.62794e+06,10000
6779.735968496058,7.73291e+06,10000
7448.323596142977,5.42241e+06,10000
7773.83312220092,8.80814e+06,10000
7985.751080881361,1.3166e+06,10000
7940.507085795822,5.40017e+06,10000
7828.887681579404,3.53179e+06,10000
7798.120865619457,8.01829e+06,10000
8129.101394634132,1.88535e+06,10000
8237.300704974296,2.8392e+06,10000
8039.387872879638,1.16055e+06,10000
8360.078820797478,7.2676e+06,10000
8101.0347252998445,7.51592e+06,10000
8270.776174921666,6.17278e+06,10000
8226.912046793017,1.53235e+06,10000
8206.02775661818,6.76047e+06,10000
7950.0925329915535,5.45331e+06,10000
7792.544667626657,4.29065e+06,10000
7543.447366413984,8.05069e+06,10000
7360.54412105852,6.24846e+06,10000
7438.848947055296,3.48677e+06,10000
7521.850564354885,8.66184e+06,10000
7226.886264282139,1.44235e+06,10000
7740.337993521704,7.17018e+06,10000
7868.481958664358,9.55339e+06,10000
8151.436676795998,4.54986e+06,10000
7918.517283931439,6.64492e+06,10000
7919.726102055142,1.67776e+06,10000
8328.405275569468,7.03070e+06,10000
7805.193206290369,7.46982e+06,10000
7703.753318198984,7.90177e+06,10000
7303.898906739679,7.99666e+06,10000
7096.028626381327,3.72759e+06,10000
6868.216043506138,1.9346e+06,10000
7010.647310315491,3.75208e+06,10000
6999.144110664002,1.78762e+06,10000
6833.8063637646865,8.77193e+06,10000
6604.447512139493,2.31339e+06,10000
7092.7593250106,7.76194e+06,10000
7038.39524014908,6.99835e+06,10000
6715.513029699422,2.8305e+06,10000
6155.554927342649,6.5683e+06,10000
5954.600418157962,1.14667e+06,10000
5988.421544080712,9.28099e+06,10000
5850.507748280101,5.76949e+06,10000
5625.451289168149,9.66109e+06,10000
6027.848398891389,7.4962e+06,10000
6038.9482699526725,5.55207e+06,10000
5836.598093391696,4.64642e+06,10000
5874.0275892989175,1.88392e+06,10000
6085.121008454286,3.69316e+06,10000
6105.873263191001,9.16787e+06,10000
5743.428096800225,6.96462e+06,10000
5770.470222620708,7.16658e+06,10000
5832.278187878437,6.21739e+06,10000
6003.447127549589,3.90074e+06,10000
6087.880838271149,8.64865e+06,10000
6305.527477800743,6.45509e+06,10000
6619.916152271485,3.64553e+06,10000
6464.030050409676,4.8219e+06,10000
6366.5831052844005,1.47138e+06,10000
6188.920335574587,5.44104e+06,10000
6353.68997026537,3.40149e+06,10000
6485.997441900655,3.17885e+06,10000
6583.715694750092,5.53728e+06,10000
6379.401151628762,9.74213e+06,10000
6147.798716437682,2.12694e+06,10000
5862.740367739185,4.54148e+06,10000
5856.675581293654,7.40722e+06,10000
5999.434374003805,8.30781e+06,10000
5919.451623492604,7.05992e+06,10000
5858.77049386184,6.73973e+06,10000
5904.732016949374,3.97390e+06,10000
5970.9299097038775,8.43079e+06,10000
6126.140713620058,4.14647e+06,10000
5938.7112164836935,6.18792e+06,10000
5893.23209245207,4.4315e+06,10000
6130.593305753177,8.60124e+06,10000
6002.237064774704,6.50283e+06,10000
5939.949443611591,1.8149e+06,10000
5960.668024693783,5.06386e+06,10000
6307.400933523673,1.21523e+06,10000
6416.418348335067,9.94766e+06,10000
6412.990389276767,6.173e+06,10000
6284.519454557534,5.97916e+06,10000
6476.736041217974,7.81155e+06,10000
6398.575875285385,6.21717e+06,10000
6259.530777655347,9.06989e+06,10000
6374.5219124388905,3.03848e+06,10000
6179.712725247548,7.92705e+06,10000
5994.004010500889,5.79934e+06,10000
6068.226429764481,3.77106e+06,10000
5983.670963227514,4.69467e+06,10000
6158.158260739652,3.66391e+06,10000
6397.266206872513,6.6904e+06,10000
6546.2701003499005,2.304e+06,10000
6764.209409918946,1.77886e+06,10000
6670.133590060922,4.86716e+06,10000
6530.370529265822,1.35641e+06,10000
6458.22938739567,1.2598e+06,10000
5984.228548515925,5.48648e+06,10000
5991.091705725001,1.20844e+06,10000
5766.745268708368,6.30608e+06,10000
5860.890009091793,2.72042e+06,10000
5999.997505206656,9.1902e+06,10000
5748.7822838749225,4.87102e+06,10000
5823.751822242706,9.8392e+06,10000
5857.343232376169,2.6074e+06,10000
5779.336447545847,1.69592e+06,10000
5701.1669628202535,1.75135e+06,10000
5530.557375651709,3.23647e+06,10000
5428.025399473031,9.19598e+06,10000
5027.820244821444,9.28232e+06,10000
4991.1194135286,6.27347e+06,10000
4991.594876922204,3.73808e+06,10000
4677.127153372673,4.57321e+06,10000
4870.345763369213,4.53186e+06,10000
5060.7311462040925,2.39836e+06,10000
5274.788049664396,7.00812e+06,10000
5624.497566231207,7.89509e+06,10000
5340.691659124838,5.44413e+06,10000
5224.550580572756,6.37046e+06,10000
5363.857492790893,5.95928e+06,10000
5340.2903097728295,6.94454e+06,10000
5350.234822416519,1.54877e+06,10000
5197.239940787591,2.73176e+06,10000
5100.92908199076,9.27305e+06,10000
4899.55872989909,4.48172e+06,10000
4975.431545634742,4.07608e+06,10000
4694.455764876856,2.10758e+06,10000
4514.800430615838,2.025e+06,10000
4391.38967070861,6.21513e+06,10000
4353.738380032329,5.7759e+06,10000
4245.85454940228,9.82260e+06,10000
4281.86452614408,4.81996e+06,10000
4407.695573190971,4.92035e+06,10000
4455.125138145432,1.3397e+06,10000
4599.420292393993,8.69308e+06,10000
4610.6086157471655,2.86e+06,10000
4827.998259421299,4.74031e+06,10000
4818.688295795863,8.70226e+06,10000
4745.787056985569,4.71292e+06,10000
4748.4547464823245,3.28225e+06,10000
4699.977651276336,7.43248e+06,10000
4909.007444372299,3.96138e+06,10000
4820.4781191001175,4.06576e+06,10000
5004.0962293094635,3.1048e+06,10000
4952.761620859966,1.87227e+06,10000
4835.328210564478,6.2572e+06,10000
4955.61680818229,3.38316e+06,10000
5192.929536386555,9.00939e+06,10000
5072.13512591917,5.26104e+06,10000
5072.112306429867,8.042e+06,10000
5088.799726773705,5.83512e+06,10000
4994.0216255703235,6.8551e+06,10000
5124.844028189064,9.48022e+06,10000
5056.42089053476,9.99083e+06,10000
4969.734476740239,7.0718e+06,10000
4930.357161763613,7.79112e+06,10000
5195.2727452940035,9.11702e+06,10000
4917.533124155952,5.55548e+06,10000
5085.234275026857,4.93088e+06,10000
5369.65805423578,5.95269e+06,10000
5486.236244703893,5.44222e+06,10000
5518.793254890592,4.83563e+06,10000
5346.522146960069,2.81292e+06,10000
5327.206103163073,1.77655e+06,10000
5655.648182158309,9.04468e+06,10000
5904.485286367859,8.68079e+06,10000
5778.085799251237,8.80357e+06,10000
5775.0114672577265,2.32426e+06,10000
5671.081867003577,3.45076e+06,10000
5704.959522860673,8.42759e+06,10000
5762.861469905511,4.66412e+06,10000
5967.506709212856,6.8672e+06,10000
5949.0444049186835,1.47738e+06,10000
6111.04894849135,8.76151e+06,10000
5972.690571751157,6.90844e+06,10000
5966.900354792785,5.77077e+06,10000
6034.876626543362,2.70576e+06,10000
6064.158293588247,5.1653e+06,10000
5967.158505198872,6.1776e+06,10000
5533.199130809304,8.54182e+06,10000
5381.652745201447,9.98464e+06,10000
5532.849260625824,8.32951e+06,10000
5443.39438724756,4.35145e+06,10000
5546.422927307934,2.11753e+06,10000
5579.9469260541955,8.33105e+06,10000
5548.476202689186,8.16914e+06,10000
5728.412292011754,9.97839e+06,10000
5698.264583804371,7.1738e+06,10000
5834.774486709224,6.77889e+06,10000
5654.328014483462,8.6574e+06,10000
5741.674630906615,5.37129e+06,10000
5375.012028114201,9.10601e+06,10000
5462.1724936583505,3.86471e+06,10000
5634.076479125805,5.62521e+06,10000
5765.863567763296,4.81641e+06,10000
5698.019966002974,8.09672e+06,10000
5352.479513682325,5.33865e+06,10000
5192.310303706677,1.00492e+06,10000
5110.888390963897,5.67547e+06,10000
5055.900031878351,9.69979e+06,16736.2
5128.451445012888,8.85833e+06,15327.7
5023.825072631461,7.12108e+06,12419.8
5219.414953536306,8.38956e+06,14543
5697.46569973685,3.76882e+06,6808.5
5933.86131903789,1.34092e+06,2744.52
5754.380255747845,9.28597e+06,16043.5
5925.192175617077,6.95383e+06,12139.8
5901.073410927919,8.85327e+06,15319.2
6188.389004931683,7.31877e+06,12750.7
6430.670237483958,2.06977e+06,3964.52
6329.773465827275,6.07001e+06,10660.4
6375.513045962178,9.96539e+06,17180.8
6554.569442260761,5.70049e+06,10041.9
6607.630148310546,7.81912e+06,13588.2
6445.958329299468,1.94029e+06,3747.79
6484.263924589,9.12215e+06,15769.3
6608.02640598552,4.85908e+06,8633.46
6691.497309843625,1.6121e+06,3198.45
6895.839419469839,6.00672e+06,10554.5
7046.802068115356,3.5384e+06,6422.82
6749.552317890898,4.47671e+06,7993.43
6597.256118386667,7.4632e+06,12992.4
6515.4932913320445,1.67413e+06,3302.27
6446.479033307279,5.66683e+06,9985.53
6681.123791276105,2.69269e+06,5007.21
6515.534476417694,9.42756e+06,16280.5
6483.436027508636,3.25024e+06,5940.48
6458.600729698745,6.32255e+06,11083.1
6610.83253363822,4.23878e+06,7595.17
6560.9205450202535,4.86016e+06,8635.28
6524.08409645625,1.70984e+06,3362.04
6811.824477731826,6.44419e+06,11286.7
6964.124180045734,9.55208e+06,16488.9
7171.800088651951,9.18169e+06,15869
7285.101132104737,7.01747e+06,12246.3
7184.493661128436,1.87488e+06,3638.31
7201.330589716522,3.00777e+06,5534.62
7528.666453498676,3.06222e+06,5625.76
7471.097489190167,8.85505e+06,15322.2
7405.407486252116,2.40784e+06,4530.4
7625.528886381911,9.66715e+06,16681.6
7625.245249452024,1.5276e+06,3057.01
7343.866526810588,6.79857e+06,11879.9
7211.983172439645,4.20673e+06,7541.51
7387.546901200841,9.35072e+06,16151.9
7732.045264226712,2.37526e+06,4475.87
7937.999414650253,4.07176e+06,7315.59
8127.5630180475655,3.01779e+06,5551.38
8056.430454191622,8.21178e+06,14245.4
8054.216147269924,6.15143e+06,10796.7
8282.493598166775,7.68956e+06,13371.3
7985.399247442357,9.0206e+06,15599.3
8060.035027301441,1.62968e+06,3227.87
7714.018311955988,7.58672e+06,13199.2
7750.861667433571,8.34765e+06,14472.9
7530.298678386658,1.29173e+06,2662.19
7646.414888962932,6.90332e+06,12055.2
7805.640383132735,4.97815e+06,8832.77
7777.254403971837,2.24276e+06,4254.09
7788.822803075427,4.0828e+06,7334.07
7862.889501583378,3.2265e+06,5900.74
8027.386400122289,3.18278e+06,5827.56
8382.368344274262,7.54334e+06,13126.6
8354.061330612383,7.03062e+06,12268.3
8613.612068002505,2.17231e+06,4136.17
8435.102454672826,4.92957e+06,8751.45
8577.493574323169,2.25702e+06,4277.96
8093.306285843284,7.01561e+06,12243.2
8306.425784578485,9.81231e+06,16924.5
8159.0140309603485,8.28431e+06,14366.8
8488.266256023657,9.98472e+06,17213.1
8876.249809980374,5.77415e+06,10165.2
9097.5624329265,6.37452e+06,11170.1
9415.649230775995,4.50053e+06,8033.3
9520.155240311136,2.21421e+06,4206.3
9176.0077929928,2.66845e+06,4966.63
9082.399519310076,9.45109e+06,16319.9
9013.133289999014,6.86589e+06,11992.6
9279.026660986101,3.46753e+06,6304.19
9345.090300680653,6.94218e+06,12120.3
9383.428486773706,8.43787e+06,14623.9
9332.28073351599,1.3503e+06,2760.23
9643.780332338933,7.74163e+06,13458.5
9664.581861454903,5.64598e+06,9950.63
9803.174000423172,9.2086e+06,15914
9777.361050278512,5.84764e+06,10288.2
9827.908707760042,6.33612e+06,11105.8
9865.154479491135,8.02296e+06,13929.4
9890.05628698456,9.04835e+06,15645.8
10013.774415482032,6.40534e+06,11221.7
9796.849052068374,4.10608e+06,7373.04
9866.995354716077,3.71406e+06,6716.85
9718.176929460738,5.41464e+06,9563.4
9546.402276979034,4.38978e+06,7847.91
9855.388867577973,2.44293e+06,4589.15
9753.114078572791,5.6717e+06,9993.69
9828.249598559867,1.94926e+06,3762.8
9955.093029219137,7.87716e+06,13685.3
10003.7117330118,1.31312e+06,2697.99
9778.413598089972,5.10746e+06,9049.22
9444.964126460067,1.6472e+06,3257.19
9021.792013288421,8.37764e+06,14523.1
9391.306480838919,8.3172e+06,14421.9
9369.9470323543,1.48514e+06,2985.93
9477.815512412339,4.94993e+06,8785.53
9780.933082341537,8.02577e+06,13934.1
9835.705335888875,1.73732e+06,3408.04
10168.020070655699,6.55526e+06,11472.6
10139.843257997682,9.26161e+06,16002.7
10129.713982383804,4.86884e+06,8649.8
10378.246949571132,8.29558e+06,14385.7
10301.573018188834,6.55488e+06,11472
10680.326190765123,4.31788e+06,7727.57
10376.405916533453,1.94388e+06,3753.8
10623.555357044354,8.24193e+06,14295.9
10627.552701930072,9.00366e+06,15571
10753.71265368549,6.29541e+06,11037.7
10854.670992453352,2.6825e+06,4990.16
11064.949986711003,1.16817e+06,2455.36
10649.806492920767,1.74844e+06,3426.66
10512.331039101875,2.16484e+06,4123.65
10651.067676953684,3.66304e+06,6631.46
10587.03037364404,9.52672e+06,16446.5
10872.955233530467,7.24861e+06,12633.2
10745.355328010934,9.57584e+06,16528.7
10536.27846061689,5.75252e+06,10129
10496.246428060422,4.16135e+06,7465.55
10889.465441612663,6.53103e+06,11432.1
11330.79667769475,1.09535e+06,2333.48
11599.502080212023,8.08529e+06,14033.7
11364.05877595507,2.57465e+06,4809.63
11372.057364781525,8.09613e+06,14051.9
11372.609600108153,5.06156e+06,8972.39
11863.926460280756,3.04142e+06,5590.94
12155.752209182234,4.65103e+06,8285.22
11868.276758187178,1.79624e+06,3506.67
11566.14794582494,4.90472e+06,8709.85
12009.64684928576,5.30663e+06,9382.6
11675.085043230176,8.32924e+06,14442.1
11041.43777957342,9.30928e+06,16082.5
11332.960102522353,8.34451e+06,14467.6
11859.78803313228,3.70242e+06,6697.37
11094.593491643454,9.12354e+06,15771.6
11492.801396613366,3.79796e+06,6857.28
11084.858667180368,5.21809e+06,9234.39
10890.814809801774,8.82057e+06,15264.5
10813.818649778737,2.81184e+06,5206.65
10494.43324809449,3.09913e+06,5687.54
10494.196068842273,3.48461e+06,6332.78
10506.500062368847,2.2524e+06,4270.22
10214.726488366461,4.66941e+06,8315.99
10108.482815217372,5.4175e+06,9568.19
10164.185546236386,3.6434e+06,6598.57
10303.478012133188,7.2057e+06,12561.4
10558.70727867503,6.89171e+06,12035.8
10962.876848466576,5.2343e+06,9261.54
10741.65278633705,5.64974e+06,9956.93
10280.304507282488,3.07844e+06,5652.91
10270.300306958368,6.16133e+06,10813.3
10052.310537559488,4.41699e+06,7893.47
9360.776715913911,5.94511e+06,10451.3
9816.642626371939,3.77778e+06,6823.51
9560.446861976678,2.05637e+06,3942.09
9138.296570030305,1.12079e+06,2376.06
8698.140620842409,4.69456e+06,8358.08
8336.21680347481,2.45149e+06,4603.48
8421.480896961499,7.67183e+06,13341.6
8568.224464546927,8.6886e+06,15043.6
8768.946753736134,7.31269e+06,12740.5
9104.502718101767,6.29091e+06,12740.5
9045.031622567541,1.04607e+06,12740.5
9400.639593202979,5.40599e+06,12740.5
8961.740260751261,1.7727e+06,12740.5
8689.160968600743,4.9159e+06,12740.5
8598.991420351527,9.32464e+06,12740.5
8886.773660342671,5.18846e+06,12740.5
8671.680777120117,7.33106e+06,12740.5
8528.133297146383,7.93718e+06,12740.5
8134.004145454783,3.63851e+06,12740.5
8294.613837359477,9.48606e+06,12740.5
8317.154442149487,8.87303e+06,12740.5
8221.718043575349,8.73466e+06,12740.5
8332.505325055274,5.81482e+06,12740.5
8131.960242557178,1.011e+06,12740.5
7949.363200871879,4.24867e+06,12740.5
7913.175605457527,1.55867e+06,12740.5
8015.912214774286,5.03665e+06,12740.5
7894.1113039140455,9.76634e+06,12740.5
7854.83675162273,7.93596e+06,12740.5
7563.770626246126,5.68357e+06,12740.5
7418.457360846777,3.7298e+06,12740.5
7664.14290786775,7.29582e+06,12740.5
7473.172469187449,7.76426e+06,12740.5
7373.794602503585,4.08096e+06,12740.5
7371.683193597257,5.38792e+06,12740.5
7469.522102708666,6.56554e+06,12740.5
7342.163500970204,2.12771e+06,12740.5
7213.026545957308,3.78427e+06,12740.5
7163.544264286597,1.86545e+06,12740.5
6981.654366141934,2.63269e+06,12740.5
6938.07820125297,6.88272e+06,12740.5
7036.929341916632,1.08569e+06,12740.5
7199.4320417415365,9.56646e+06,12740.5
7325.587957201272,5.22658e+06,12740.5
7524.027552079307,8.64135e+06,12740.5
7091.936913972877,7.39778e+06,12740.5
7137.073952509897,3.5111e+06,12740.5
7380.30250048401,8.65444e+06,12740.5
7388.569599010767,6.57073e+06,12740.5
7235.148564508986,7.65685e+06,12740.5
7327.275454154686,1.23178e+06,12740.5
7732.235511512867,7.42866e+06,12740.5
7353.508914737842,5.69661e+06,12740.5
7456.299111853741,2.59725e+06,12740.5
7105.975597104814,2.35336e+06,12740.5
6818.769702087954,9.69583e+06,12740.5
7181.2787689550505,6.75445e+06,12740.5
7149.70628872703,2.28582e+06,12740.5
7417.044253474669,1.34526e+06,12740.5
7415.475713325525,6.39101e+06,12740.5
7287.691574323368,9.48494e+06,12740.5
7300.480643329442,7.93371e+06,12740.5
7731.609104644846,6.16767e+06,12740.5
7778.391864704664,4.7838e+06,12740.5
7918.951428437134,3.51970e+06,12740.5
8034.069293102641,6.97442e+06,12740.5
8124.819345406629,4.00439e+06,12740.5
8605.037174237073,2.10295e+06,12740.5
8835.286102290973,9.2547e+06,12740.5
9466.135816868898,6.01934e+06,12740.5
8927.579870573683,5.78214e+06,12740.5
8571.969941433033,4.49774e+06,12740.5
8742.831542942304,8.75706e+06,12740.5
9470.205287908973,2.67994e+06,12740.5
9358.670438050935,9.16663e+06,12740.5
9455.606141083665,7.23113e+06,12740.5
9324.150259945276,2.7615e+06,12740.5
9064.217014464526,6.29459e+06,12740.5
9084.463810895759,2.69701e+06,12740.5
9307.36876886531,4.39081e+06,12740.5
9078.63455981629,6.85496e+06,12740.5
8907.528528457862,8.03926e+06,12740.5
8671.177614626096,5.85999e+06,12740.5
8769.270719466227,2.25605e+06,12740.5
8825.180251749083,3.35969e+06,12740.5
8930.872809357914,9.75311e+06,12740.5
8860.477819555952,7.92381e+06,12740.5
8949.623680937235,9.66872e+06,12740.5
8827.855340732918,8.84346e+06,12740.5
8891.907177098856,3.09247e+06,12740.5
9067.790898817897,5.75167e+06,12740.5
8743.131570631087,6.77969e+06,12740.5
8769.299805121578,4.47586e+06,12740.5
8623.78212253788,9.17615e+06,12740.5
8199.735296288589,7.56153e+06,12740.5
8327.567057634062,6.89856e+06,12740.5
8055.989638532919,8.99269e+06,12740.5
8176.764185590696,3.85503e+06,12740.5
8375.212852518313,5.09824e+06,12740.5
8757.552376241794,7.57014e+06,12740.5
8696.37670864001,2.53876e+06,12740.5
8157.8189965756155,5.64438e+06,12740.5
7951.9536943692665,6.90778e+06,12740.5
8311.98730031959,7.2057e+06,12740.5
8557.965327607746,4.73298e+06,12740.5
8650.750665892345,6.55657e+06,12740.5
8907.543546942836,4.84586e+06,12740.5
9017.115166372343,2.92615e+06,12740.5
8562.251501382292,3.73562e+06,12740.5
8683.883067684917,6.25676e+06,12740.5
8640.501580127198,4.77937e+06,12740.5
8657.158037435187,8.6697e+06,12740.5
8743.10040862883,1.20254e+06,12740.5
9066.557449847132,4.53362e+06,12740.5
9457.86816000671,7.00719e+06,19344.2
9125.740974841283,8.24354e+06,22644.9
8909.184017806105,2.16012e+06,6403.94
8948.342132371956,1.7877e+06,5409.68
9175.003854238483,5.36112e+06,14949.7
9282.466945013754,6.37239e+06,17649.5
9633.657986458638,2.71382e+06,7882.15
9733.811091019226,2.02132e+06,6033.38
9027.978719088067,9.4989e+06,25996.4
8988.66372521425,9.88466e+06,27026.2
9023.438326142952,4.6325e+06,13004.5
8439.793098600696,2.27407e+06,6708.14
8338.21878456454,3.40976e+06,9740.11
8429.150556847755,5.66726e+06,15767
8609.089603099794,2.93114e+06,8462.33
8406.1643804977,2.96424e+06,8550.7
8432.144487065469,5.92826e+06,16463.8
8348.041831721277,5.23098e+06,14602.3
8139.453507959501,8.6809e+06,23812.5
8315.415126198117,1.99303e+06,5957.85
8052.096727831242,9.93279e+06,27154.7
7936.759191598709,5.199e+06,14516.9
7809.311601520188,8.2252e+06,22596
7947.803292263013,2.70017e+06,7845.72
8204.39069335318,5.51905e+06,15371.3
8493.198350409928,5.18706e+06,14485
8428.803828737355,2.03146e+06,6060.45
8722.162992142468,2.5726e+06,7505.12
8540.735751169384,1.74266e+06,5289.43
8730.738805369094,4.04962e+06,11448.3
8957.054365442524,2.07065e+06,6165.07
9318.952482383753,8.19540e+06,22516.4
9342.210559820369,3.62269e+06,10308.6
9270.754154904958,7.6475e+06,21053.7
9137.183686009157,5.77078e+06,16043.4
8800.771548301167,1.7201e+06,5229.21
9268.252248679937,4.3185e+06,12166.2
9272.337115562997,7.21729e+06,19905.1
9262.226372036412,4.92653e+06,13789.4
9091.95383771868,4.17496e+06,11783
9062.672383755,7.69183e+06,21172
9306.015927502529,9.43247e+06,25819
9228.212274437774,2.78154e+06,8062.93
9149.846893261341,9.82233e+06,26859.8
8776.141424901012,5.19946e+06,14518.1
8574.116827128593,1.90398e+06,5720.12
9226.172737023726,3.19815e+06,9175.16
9000.17394051189,7.40707e+06,20411.8
8745.189159867274,1.12138e+06,3630.78
8451.678483510981,9.28183e+06,25416.9
8547.504427067024,5.1032e+06,14261.1
8300.687458628983,7.26393e+06,20029.6
8464.1692803486,9.55202e+06,26138.2
8338.480835786808,9.64919e+06,26397.6
8415.992842335005,3.61955e+06,10300.2
8119.366928559369,7.99775e+06,21988.7
8064.319467529645,6.73674e+06,18622.2
8405.882234623543,2.13422e+06,6334.79
8062.355071941335,3.10307e+06,8921.32
7973.957336854689,9.41978e+06,25785.1
8191.328788008255,9.84095e+06,26909.6
8047.138623762941,7.56703e+06,20838.8
8137.1540624569925,9.28723e+06,25431.3
8283.25893458585,1.16494e+06,3747.09
8636.542066585156,7.88756e+06,21694.6
8869.799891369437,4.67774e+06,13125.3
8466.241709360405,8.62084e+06,23652.2
8318.30207496157,2.25496e+06,6657.12
8356.6249079119,2.68611e+06,7808.18
8438.872499997955,7.90885e+06,21751.4
8842.321042093801,8.90508e+06,24411
9239.099947202754,8.7086e+06,23886.5
9705.743123815966,8.66498e+06,23770.1
9481.960499718118,8.14462e+06,22380.8
9243.069326123477,9.96721e+06,27246.6
9378.644171128319,3.00314e+06,8654.56
9638.733466258715,5.97144e+06,16579.1
9514.960539860196,9.94114e+06,27177
9318.857160689362,4.199e+06,11847.1
9644.130520659392,3.96401e+06,11219.8
9949.905313516902,2.52695e+06,7383.27
10138.189431262726,9.50538e+06,26013.7
9858.028075728418,6.60623e+06,18273.8
9514.122722339582,4.91068e+06,13747.1
9293.917872341466,3.46079e+06,9876.35
8985.032068615346,8.08163e+06,22212.7
9030.516939052748,1.61318e+06,4943.75
8952.595787462576,1.73242e+06,5262.1
9217.337255084123,8.11431e+06,22299.9
9520.97662403007,1.34909e+06,4238.7
9111.747424693403,1.49918e+06,4639.4
9240.059165669876,1.16106e+06,3736.74
9007.145402632297,6.38133e+06,17673.4
8686.904517632218,7.40359e+06,20402.5
8150.280319180744,4.96952e+06,13904.2
8213.23495650793,1.45243e+06,4514.59
7785.304929745757,4.04734e+06,11442.3
7787.10509814979,6.88835e+06,19027
7981.332420126739,1.68483e+06,5135.03
8351.705766087865,2.89382e+06,8362.69
8278.24769011883,9.31062e+06,25493.7
8550.813194192275,8.95753e+06,24551.1
8280.517293447328,3.25426e+06,9324.98
8292.20452958614,8.29993e+06,22795.5
8084.709400654247,8.66756e+06,23776.9
7880.767414785192,6.49682e+06,17981.7
7764.776707841763,4.91782e+06,13766.2
7764.942623590771,2.87543e+06,8313.6
8247.798429485489,4.16257e+06,11749.9
8281.190712609105,9.34877e+06,25595.6
8228.830771168658,8.91129e+06,24427.6
8395.987797841064,4.11398e+06,11620.2
8069.855589533204,6.07091e+06,16844.6
7723.677153602866,6.5264e+06,18060.7
8112.794595712817,1.79657e+06,5433.36
7990.068951920143,6.7426e+06,18637.8
7607.035628324707,7.7251e+06,21260.8
7395.036728271614,8.14095e+06,22371
7225.401330710151,1.00059e+06,3308.32
6634.567244478555,1.24361e+06,3957.11
6623.705789966787,6.23678e+06,17287.5
6755.403619918446,7.72187e+06,21252.2
6874.043129715766,3.55791e+06,10135.6
6914.651945308557,4.44956e+06,12516.1
7123.164735313912,4.91454e+06,13757.4
7479.265269023322,7.84078e+06,21569.7
7080.052544399762,9.10775e+06,24952.1
7336.608438686898,5.5897e+06,15559.9
7237.629409907149,9.22292e+06,25259.6
7450.859272802661,5.86156e+06,16285.7
7148.250722988721,3.95058e+06,11183.9
7242.600142503447,3.58677e+06,10212.7
7430.516846239895,2.80295e+06,8120.11
7514.253250073155,9.72212e+06,26592.3
7365.959872591806,4.71817e+06,13233.2
7204.633165209984,8.63206e+06,23682.2
7193.697058505784,4.89314e+06,13700.3
6776.863750538201,4.29556e+06,12105
6814.982960055748,1.66993e+06,5095.25
6870.96190600381,7.98408e+06,21952.2
6965.857879313972,2.24557e+06,6632.04
7009.575503291441,1.6498e+06,5041.53
7162.99766055663,9.09894e+06,24928.6
7172.189489462657,4.65464e+06,13063.6
6993.518236945706,6.00348e+06,16664.6
7120.581635373105,3.07713e+06,8852.08
7040.701443982146,9.88013e+06,27014.1
7204.76727518966,2.62092e+06,7634.14
7322.759111905458,8.85867e+06,24287.2
7233.452099452274,1.9417e+06,5820.81
7545.632658710389,6.26819e+06,17371.3
7479.064255171357,8.7772e+06,24069.6
7312.092710409424,3.7201e+06,10568.6
7362.69952976975,5.58244e+06,15540.6
7389.383957076759,1.71077e+06,5204.29
7107.6718788627295,3.35326e+06,9589.26
7371.682903016873,3.44197e+06,9826.11
7118.763952088273,3.47513e+06,9914.64
6679.1546851756475,7.26106e+06,20022
6507.22074598008,1.59375e+06,4891.88
6012.3281928699525,4.16043e+06,11744.2
6371.247257081002,5.16976e+06,14438.8
6496.805601705014,5.28974e+06,14759.1
6658.181154943209,2.08776e+06,6210.75
6915.638675511878,1.26052e+06,4002.25
6735.970088798552,1.8142e+06,5480.43
6804.426504054647,9.33118e+06,25548.6
6847.42560052529,9.23022e+06,25279.1
6641.535798336203,6.00211e+06,16660.9
6825.141030537778,7.4798e+06,20605.9
6545.116054925232,5.45593e+06,15202.8
6556.209545563434,4.90757e+06,13738.8
6408.797638226152,4.74248e+06,13298.1
5957.937770281355,1.25197e+06,3979.42
5771.14554952627,8.11533e+06,22302.6
5692.820502578055,3.92096e+06,11104.9
5709.637096916385,8.65049e+06,23731.4
5737.2840041942845,5.80152e+06,16125.4
5529.475816920558,5.03727e+06,14085.1
5631.5132183452915,3.62349e+06,10310.7
5356.199992958457,7.32315e+06,20187.7
5404.987611713516,4.20443e+06,11861.6
5449.720832850953,8.151e+06,22397.9
5526.189762821291,5.50445e+06,15332.3
5526.20097141629,7.52271e+06,20720.5
5568.964445045927,4.61218e+06,12950.2
6014.212040345443,6.55116e+06,18126.7
5632.223318514987,6.7512e+06,18660.8
5306.452292682138,9.4194e+06,25784.1
5396.972731659203,8.62784e+06,23670.9
5678.653882207164,9.77495e+06,26733.4
5757.81515741726,4.19398e+06,11833.8
5890.077953299499,8.99977e+06,24663.8
5967.57961080474,8.75262e+06,24004
5944.778088002162,1.90763e+06,5729.86
5742.808166318216,5.37837e+06,14995.7
5498.070856227494,3.85755e+06,10935.6
5413.182895245659,9.81878e+06,26850.4
5392.454493231145,4.81655e+06,13495.8
5260.935487773942,5.85991e+06,16281.3
5028.702558053008,3.4216e+06,9771.72
5152.52258223345,5.00495e+06,13998.8
4863.608485562848,8.07343e+06,22190.8
4807.676003784181,4.0845e+06,11541.5
4719.783884935867,3.05869e+06,8802.86
4561.962848432519,3.06544e+06,8820.88
4716.240897793014,8.21903e+06,22579.5
4574.9427223061775,9.27531e+06,25399.5
4374.1181525108495,8.59616e+06,23586.3
4403.1504464780965,3.84688e+06,10907.1
4327.19744174064,8.74724e+06,23989.7
4157.202584583086,6.92638e+06,19128.5
4110.880210743418,1.44999e+06,4508.09
3943.8212811745816,6.39778e+06,17717.3
3737.3438604913586,8.30016e+06,22796.1
3696.029636892697,1.86313e+06,5611.04
3545.550717565851,9.87857e+06,27010
3626.975495973021,9.47981e+06,25945.4
3759.043629905129,6.44557e+06,17844.9
3601.9468839759584,6.78742e+06,18757.5
3739.70679273731,1.85872e+06,5599.26
3747.6838307954526,4.96045e+06,13880
3661.705052743748,9.20901e+06,25222.5
3652.6377074456022,8.52002e+06,23383
3420.8743727939627,6.72557e+06,18592.4
3327.521856854654,5.80868e+06,16144.5
3220.434973320466,8.34991e+06,22928.9
3309.669627667571,3.98575e+06,11277.8
3527.563159972032,8.46968e+06,23248.7
3526.8740176100823,7.8177e+06,21508.1
3522.0935331618284,3.00276e+06,8653.54
3493.079755363545,8.86904e+06,24314.8
3443.9938744862798,8.69595e+06,23852.7
3346.261424211116,7.18715e+06,19824.7
3223.4777801320392,6.6507e+06,18392.5
3340.8110225421306,1.73365e+06,5265.37
3306.3090871534882,2.75788e+06,7999.77
3370.883887889961,6.82385e+06,18854.8
3198.345543947002,3.68093e+06,10464
3154.475254642001,3.78854e+06,10751.3
3110.8102780685645,3.63574e+06,10343.4
3153.936228780449,9.59221e+06,26245.5
3124.1306690776064,1.37739e+06,4314.26
3177.376725534171,4.31192e+06,12148.6
3299.327127209239,4.47252e+06,12577.4
3195.800423391585,8.40995e+06,23089.2
3353.3253372333165,5.53434e+06,15412.1
3289.978726771879,3.82707e+06,10854.2
3325.9257623715275,2.07799e+06,6184.66
3194.9225379028394,1.62881e+06,4985.47
3051.920039833672,9.0098e+06,24690.6
3149.1564232709834,7.68844e+06,21163
3042.5631654959625,8.5328e+06,23417.2
3001.7203313765485,8.06095e+06,22157.5
3078.6771069561314,6.61666e+06,18301.6
3084.4665483743083,3.57768e+06,10188.4
3012.7797336737563,5.42014e+06,15107.2
2980.3323971356303,3.12406e+06,8977.39
3045.3617807297032,5.72492e+06,15920.9
2994.6097467793343,2.10185e+06,6248.37
3060.3990827824477,1.86135e+06,5606.31
3085.914434609162,4.23738e+06,11949.6
2919.9428440238744,6.97252e+06,19251.7
2953.0024496282026,4.96881e+06,13902.3
3030.294411876348,9.40512e+06,25746
2992.8563885834096,4.7872e+06,13417.5
2980.5512624612365,1.5407e+06,4750.25
3034.5711797280906,5.06135e+06,14149.4
3268.5268935820072,6.31344e+06,17492.1
3405.229747457233,2.3012e+06,6780.57
3631.7669407414237,6.56692e+06,18168.8
3664.3480665711977,7.22486e+06,19925.4
3666.761271526262,6.57038e+06,18178.1
3478.6595033131625,2.67906e+06,7789.34
3531.8867577786673,4.0422e+06,11428.5
3614.574225718446,9.75838e+06,26689.1
3565.9538920601763,6.16398e+06,17093.1
3557.9011437980794,5.88636e+06,17093.1
3323.3338915722084,3.16043e+06,17093.1
3450.2034663936456,8.76442e+06,17093.1
3498.301961947506,5.0908e+06,17093.1
3596.7279599475582,2.5212e+06,17093.1
3848.1472525932872,4.76326e+06,17093.1
3651.9332573799416,5.32527e+06,17093.1
3665.971480122616,7.51858e+06,17093.1
3935.321858332477,6.35496e+06,17093.1
3985.445943660065,3.14214e+06,17093.1
3936.188426809926,2.66661e+06,17093.1
4077.353137828079,4.22064e+06,17093.1
3971.614726034532,2.08156e+06,17093.1
4020.6115252289605,4.11027e+06,17093.1
4025.476760534932,1.47216e+06,17093.1
3993.024601427604,3.73776e+06,17093.1
4012.631254525084,2.97901e+06,17093.1
4225.0828904817545,5.33449e+06,17093.1
4215.115494458115,4.25579e+06,17093.1
4221.6478194585325,9.28347e+06,17093.1
4187.376780457492,9.90759e+06,17093.1
4185.5017541742345,7.88221e+06,17093.1
4100.970278014354,3.19356e+06,17093.1
4102.951642461152,1.6267e+06,17093.1
4415.466215584455,6.57819e+06,17093.1
4689.2732189646185,9.70249e+06,17093.1
4577.46215341984,6.20577e+06,17093.1
4632.654019219516,7.3425e+06,17093.1
4977.785384688634,7.26927e+06,17093.1
4847.906586897976,1.68225e+06,17093.1
4848.8824160162985,8.30082e+06,17093.1
4527.626258475714,3.6161e+06,17093.1
4629.862013604685,2.95294e+06,17093.1
4582.190198835616,7.02239e+06,17093.1
4576.108876432045,5.75829e+06,17093.1
4460.574024237761,1.03937e+06,17093.1
4787.438803477002,7.01348e+06,17093.1
4506.15259233743,4.36271e+06,17093.1
4757.895615431709,2.04645e+06,17093.1
5038.4513675818625,8.14898e+06,17093.1
5131.825097683474,3.89997e+06,17093.1
5114.959446924134,5.23385e+06,17093.1
5116.919152474397,4.24962e+06,17093.1
5185.100372900721,9.16195e+06,17093.1
5065.512043574017,8.63363e+06,17093.1
5010.665894457932,8.96614e+06,17093.1
5001.6512549515855,3.24175e+06,17093.1
5460.492345387851,9.84379e+06,17093.1
5534.7504654744935,8.25798e+06,17093.1
5804.929018680234,8.33965e+06,17093.1
5871.7495709610685,8.23944e+06,17093.1
5300.51729888588,8.27172e+06,17093.1
5102.298599171596,7.0857e+06,17093.1
5131.674996327162,9.28963e+06,17093.1
5116.374242289566,3.41538e+06,17093.1
5118.763070000518,8.38284e+06,17093.1
5028.000216984438,7.0096e+06,17093.1
4951.617211567132,4.42593e+06,17093.1
4564.804747681065,5.76932e+06,17093.1
4467.087804256113,5.1367e+06,17093.1
4439.097849885362,7.34955e+06,17093.1
4506.880639052629,2.97296e+06,17093.1
4594.654776434594,5.62765e+06,17093.1
4622.233314780582,9.59077e+06,17093.1
4470.2072069537135,7.30956e+06,17093.1
4335.7917624646325,6.33028e+06,17093.1
4441.091696747137,3.49052e+06,17093.1
4305.746483099336,2.99902e+06,17093.1
4349.724455478103,4.57338e+06,17093.1
4401.4276425988755,2.61072e+06,17093.1
4367.016849465618,4.19724e+06,17093.1
4203.933347739724,5.49866e+06,17093.1
4298.391470475842,6.36932e+06,17093.1
4307.859364101055,2.95668e+06,17093.1
4146.071192790927,8.1101e+06,17093.1
4036.0121776873966,5.14723e+06,17093.1
3973.845525316874,7.09885e+06,17093.1
3880.8434995549164,5.90444e+06,17093.1
3951.7341234650526,2.68996e+06,17093.1
3764.98673421554,4.2304e+06,17093.1
3818.808766753185,1.92177e+06,17093.1
3894.5071125348113,4.49093e+06,17093.1
4053.242226359051,8.12488e+06,17093.1
3944.318675498267,2.85836e+06,17093.1
3919.458332495266,8.98565e+06,17093.1
4085.408938735152,9.46139e+06,17093.1
4104.161575604388,9.87667e+06,17093.1
4446.8367517762945,1.09355e+06,17093.1
4569.232972830379,1.35261e+06,17093.1
4779.784692326555,6.98931e+06,17093.1
4733.9685201338725,8.42987e+06,17093.1
4871.489798901166,1.15144e+06,17093.1
5021.952840453865,2.32974e+06,17093.1
5230.448387802443,7.6036e+06,17093.1
5259.03665446181,4.96588e+06,17093.1
5482.383834192088,3.36112e+06,17093.1
5247.654395194495,1.65073e+06,17093.1
5272.196647035679,5.27863e+06,17093.1
5062.4555279232,1.91969e+06,17093.1
4867.743759640246,9.99737e+06,17093.1
4964.043942415514,9.1339e+06,17093.1
4979.767393117021,9.56035e+06,17093.1
5011.972132159077,1.88379e+06,17093.1
5046.916827852988,3.06989e+06,17093.1
5141.081204349342,9.55385e+06,17093.1
5103.610809015095,8.35018e+06,17093.1
4988.990158804956,5.201e+06,17093.1
5046.220151904697,1.57728e+06,17093.1
5176.67370762314,2.292e+06,17093.1
5073.7699189003815,1.84508e+06,17093.1
4786.24399325458,8.00836e+06,17093.1
4654.043895492224,1.34035e+06,17093.1
4511.214320623232,8.92816e+06,17093.1
4601.804496992569,7.99849e+06,17093.1
4520.833311702662,6.95998e+06,17093.1
4356.205493660027,6.60201e+06,17093.1
4306.399261252963,5.88503e+06,17093.1
4161.302001704461,2.99112e+06,17093.1
3892.913257197187,2.56897e+06,17093.1
3828.765303939315,2.88069e+06,17093.1
3941.9542140082826,6.28341e+06,17093.1
3898.587637210466,7.61458e+06,17093.1
3788.4724769332765,9.54637e+06,17093.1
3886.8513653152445,1.24908e+06,17093.1
4059.8568141019923,5.99626e+06,17093.1
3851.079268561974,3.54999e+06,17093.1
3949.7878509408615,8.21074e+06,17093.1
3862.718798315707,4.53921e+06,17093.1
3917.0695337080783,8.46077e+06,17093.1
4129.082395159956,5.10333e+06,17093.1
4186.664580196646,3.06413e+06,17093.1
4208.199467297168,4.77356e+06,17093.1
4017.1862164811123,3.66961e+06,17093.1
4062.6591512995687,9.06768e+06,17093.1
4063.618367634744,6.45294e+06,17093.1
4152.144441104115,2.24787e+06,17093.1
4107.007131845292,5.71554e+06,17093.1
4150.0571542768075,9.35188e+06,17093.1
4133.836589152661,1.92799e+06,17093.1
4012.3506457074463,7.67619e+06,17093.1
4203.581739288342,5.04699e+06,17093.1
4188.505653692775,4.62372e+06,17093.1
4123.110268916458,6.92515e+06,17093.1
4055.191765009547,8.78145e+06,17093.1
4067.139827223943,9.84008e+06,17093.1
4300.145117342967,9.0713e+06,17093.1
4239.164282125929,6.38076e+06,17093.1
4509.144119251715,4.63432e+06,17093.1
4434.982451181155,9.93554e+06,17093.1
4483.011854092575,6.61314e+06,17093.1
4516.769095686884,1.71822e+06,17093.1
4767.252426604268,7.1001e+06,17093.1
4662.549637510729,7.85402e+06,17093.1
4441.654075914757,9.94252e+06,17093.1
4493.378720655464,3.71137e+06,17093.1
4509.683794712139,1.32663e+06,17093.1
4596.670218800222,5.39896e+06,17093.1
4457.4492841395195,9.96214e+06,17093.1
4555.232491862043,7.13172e+06,17093.1
4588.462402884521,9.52034e+06,17093.1
4701.3848572760435,3.21908e+06,17093.1
4567.823767816389,1.48638e+06,17093.1
4594.89744012528,7.56521e+06,17093.1
4545.721068588894,1.49923e+06,17093.1
4541.796889729542,3.50008e+06,17093.1
4504.347294269049,1.45638e+06,17093.1
4609.139122624462,5.90498e+06,17093.1
4470.7227371521685,8.80201e+06,17093.1
4558.607618621221,1.64062e+06,17093.1
4698.370199180725,7.31395e+06,17093.1
4652.545188329979,3.12309e+06,17093.1
4671.006568536836,7.64212e+06,17093.1
4820.068284186573,2.63664e+06,17093.1
4846.233205470152,5.9835e+06,17093.1
4908.079758001706,9.39648e+06,17093.1
5157.426634403448,7.61989e+06,17093.1
4881.197037848021,3.44389e+06,17093.1
5164.215724727847,3.10808e+06,17093.1
5264.814186811131,6.56759e+06,17093.1
5265.982384853342,7.89062e+06,17093.1
5218.588222482333,8.34062e+06,17093.1
5196.707066882071,5.64067e+06,17093.1
5272.420766665799,5.64638e+06,17093.1
5393.903999434605,8.16587e+06,17093.1
5403.038625736859,7.47051e+06,17093.1
5436.633454144374,9.59721e+06,17093.1
5428.377966475506,1.69601e+06,17093.1
5542.147426682964,3.13877e+06,17093.1
5593.338364565211,6.44071e+06,17093.1
5515.388445017555,7.05943e+06,17093.1
5288.952029143268,2.72304e+06,17093.1
5184.113301977587,6.29594e+06,17093.1
5341.67062777682,9.95104e+06,17093.1
5564.549251483206,4.37683e+06,17093.1
5612.384117905836,2.77794e+06,17093.1
6069.642946977772,4.54036e+06,17093.1
5796.921655161643,5.17622e+06,17093.1
5584.787183017244,9.32734e+06,17093.1
5593.089602946558,6.72898e+06,17093.1
5938.2349610016545,1.8996e+06,17093.1
5751.695032164258,2.98883e+06,17093.1
5914.2402663994435,8.2381e+06,17093.1
5881.610809634899,7.61739e+06,17093.1
5572.313680018784,6.60048e+06,17093.1
5643.549514045986,2.48182e+06,17093.1
6019.63943355035,7.56431e+06,17093.1
5724.886603051786,6.93565e+06,17093.1
5934.913071026801,4.74400e+06,17093.1
5983.666408958735,7.21796e+06,17093.1
5630.209573677515,6.73885e+06,17093.1
5638.870945648812,4.14416e+06,17093.1
5359.988418495294,8.35153e+06,17093.1
5279.987408370935,4.19409e+06,17093.1
5706.901221515598,6.45698e+06,17093.1
5730.214698171718,6.70771e+06,17093.1
5675.438343062835,7.35701e+06,17093.1
5475.244773868361,1.31398e+06,17093.1
5729.775590845083,1.22696e+06,17093.1
5702.827579198098,3.30432e+06,44586.3
6000.621164896694,1.51736e+06,20936.5
5782.930452214855,8.09855e+06,108036
5687.5068117365345,8.70778e+06,116099
5892.099850859251,9.64654e+06,128523
5704.20528352916,7.44434e+06,99378.1
5949.4613164807815,9.67841e+06,128945
5839.16818628411,4.28035e+06,57503.8
5891.151890139194,8.08603e+06,107871
5452.63184821426,2.83571e+06,38384.4
5408.419219015192,1.54711e+06,21330.1
5506.0621957534095,8.43462e+06,112484
5621.098439906095,8.07419e+06,107714
5712.672322905441,4.04565e+06,54397.6
6027.405759031082,5.08028e+06,68090.6
6214.698989738452,6.18662e+06,82732.6
6464.438478353834,9.18586e+06,122427
6472.139990567056,2.13755e+06,29144.5
6650.855104017316,7.58444e+06,101232
6434.840042420621,4.57982e+06,61467.1
6453.415518335076,5.7009e+06,76304.3
6279.951858843805,6.01552e+06,80468.2
6429.205261912186,7.39122e+06,98675.1
6470.012018594357,2.87446e+06,38897.2
6588.655243002687,9.31037e+06,124074
6643.336116804818,9.00078e+06,119977
6587.19220833933,1.6855e+06,23161.6
6520.736966328818,9.67138e+06,128852
6702.662685923357,9.74749e+06,129860
6435.873564714182,5.73416e+06,76744.4
6636.4327918097115,9.73913e+06,129749
6345.669617985038,8.74174e+06,116549
6438.819462632624,3.64872e+06,49144.3
6562.479236413382,5.88122e+06,78690.8
6489.175151921472,4.87767e+06,65409
6546.5827942157985,5.77916e+06,77340
6744.251788215457,6.01484e+06,80459.1
6421.637687658916,3.49987e+06,47174.3
6453.357696966201,6.11082e+06,81729.4
6338.678826826179,5.03916e+06,67546.4
6510.403167161575,4.53888e+06,60925.3
6473.424667156326,9.03951e+06,120490
6610.633624502969,6.67139e+06,89148.4
6834.873498764696,9.62705e+06,128266
7086.007910071526,8.48951e+06,113211
7181.44113424843,5.45359e+06,73031.2
6911.363122900994,2.14944e+06,29301.9
6691.791252034738,1.8294e+06,25066.2
6521.312489032111,4.43837e+06,59595.1
6824.614359847469,8.77245e+06,116955
6746.2462052702895,3.1281e+06,42254.1
6880.905653387385,4.25745e+06,57200.7
6660.670980143632,9.01076e+06,120109
6536.127581937904,4.99763e+06,66996.7
6299.602046074408,2.58628e+06,35083.2
6232.231823869467,3.1637e+06,42725.2
6139.7046019016825,9.52889e+06,126967
6020.735536483206,6.65580e+06,88942.1
6180.803440009683,2.93231e+06,39662.9
6060.002668906046,5.37209e+06,71952.6
5909.99106897625,4.19129e+06,56325.1
5878.700954924534,2.5251e+06,34273.6
5830.843558360979,2.92784e+06,39603.7
5906.75521414867,9.21057e+06,122754
5787.742120753618,2.32839e+06,31670.2
5645.636372872557,5.32542e+06,71334.9
5439.574333300915,1.98764e+06,27160.5
5530.560660077239,4.74422e+06,63642.9
5488.844409209684,8.0488e+06,107378
5569.805102950755,7.85383e+06,104798
5944.509944906729,4.35144e+06,58444.6
6135.925136477821,6.04878e+06,80908.4
6331.7307092898645,5.29477e+06,70929.3
6182.979798124343,8.15381e+06,108768
6170.304091208196,9.67329e+06,128878
5928.554061231356,1.90124e+06,26016.9
5833.453466834618,2.32337e+06,31603.7
5574.268860383298,8.74529e+06,116596
5546.460936097812,4.99479e+06,66959.1
5634.01919641527,8.08446e+06,107850
5644.601385872185,3.55077e+06,47848
5564.047234298801,7.59796e+06,101411
5480.609373281355,5.47012e+06,73250
5338.333438179738,1.74622e+06,23965.3
5464.43432098563,1.92383e+06,26315.9
5293.986928097903,4.82008e+06,64646.9
5268.239848013677,9.79172e+06,130445
5492.7926724637855,6.72057e+06,89799.3
5764.593541817566,2.83475e+06,38371.7
5422.990597690668,7.06889e+06,94409.1
5457.038980904091,5.19973e+06,69671.4
5485.932912905988,9.53913e+06,127102
5607.236035180432,8.84866e+06,117964
5647.74179570762,2.85767e+06,38675
5623.331727042749,1.07121e+06,15031.8
5925.1098079782405,1.70443e+06,23412.2
5505.2839896454025,4.02001e+06,54058.2
5412.04171595343,1.73120e+06,23766.6
5429.66429552781,3.16651e+06,42762.4
5583.293564120672,2.54655e+06,34557.4
5436.84166120793,5.09178e+06,68242.7
5239.944413314722,5.49176e+06,73536.4
5258.343607469841,8.40196e+06,112052
5745.016675148337,9.69772e+06,129201
5726.337211752039,3.87128e+06,52089.9
5692.619597182224,7.51305e+06,100287
5624.53357658005,2.60359e+06,35312.3
5685.247761968229,9.51187e+06,126741
5763.693705156256,3.75674e+06,50573.9
6168.084746364264,9.4171e+06,125487
6085.481052535762,9.57826e+06,127620
6038.630487486675,7.39094e+06,98671.5
6013.668346510835,2.2209e+06,30247.5
6454.021872553505,5.33448e+06,71454.9
6579.532302514915,7.78664e+06,103908
6514.760678800971,7.12414e+06,95140.3
6866.091073576304,8.50956e+06,113476
6879.103769443812,6.82596e+06,91194.1
7094.647436452164,9.24099e+06,123156
7308.750538230349,7.57032e+06,101045
7251.637189702775,8.38841e+06,111873
7195.966058696282,4.49517e+06,60346.8
7350.532078659558,4.9813e+06,66780.6
7138.267257427863,5.19433e+06,69600
7248.269068333672,1.84992e+06,25337.8
6963.972042032401,7.16292e+06,95653.7
6932.229694274393,1.83565e+06,25148.9
7006.290684428108,8.60993e+06,114804
6439.998496949865,1.72723e+06,23714
6182.95812174598,9.05366e+06,120677
6244.437043854791,4.42197e+06,59378
6217.225109234234,2.36140e+06,32107.1
6388.205867283912,3.89897e+06,52456.2
6330.032110416331,3.19456e+06,43133.6
6226.348524903177,2.93804e+06,39738.7
6412.079697060687,1.7494e+06,24007.4
6313.100933124522,2.00958e+06,27450.7
6542.80498918295,9.7709e+06,130169
6750.5091738928295,7.7679e+06,103660
6929.078810169633,5.32498e+06,71329.1
7004.9939963389015,7.67908e+06,102485
6979.069404932262,3.6409e+06,49040.9
7256.1149569396985,7.02578e+06,93838.7
6900.545982594307,8.1892e+06,109236
6970.29023026106,9.97899e+06,132923
7189.4728921487185,8.94642e+06,119258
7372.6061864156245,2.0221e+06,27616.5
7179.92203450492,3.13793e+06,42384.2
7311.456471264067,2.73303e+06,37025.5
7342.629035592125,5.18578e+06,69486.8
7736.302725747052,4.0243e+06,54115
7927.384008224684,8.15524e+06,108787
8200.92084431005,6.90171e+06,92196.5
7758.508369776311,1.88779e+06,25838.9
7799.023866896429,3.63318e+06,48938.7
7962.28055980772,2.87544e+06,38910.2
7672.1426619203585,4.55897e+06,61191.2
7399.79053058248,6.48740e+06,86713.4
7223.193348718388,3.57328e+06,48145.9
7673.48521106933,3.92293e+06,52773.4
7900.0425399615515,4.14458e+06,55706.8
7732.122529011873,7.07849e+06,94536.2
7125.939170907746,3.23383e+06,43653.3
6910.60346685715,6.71039e+06,89664.5
7230.404930623153,9.33451e+06,124394
7495.468154988725,8.28142e+06,110457
7609.110271447397,2.11508e+06,28847.1
7821.993481372806,6.64808e+06,88839.8
7932.50422290795,3.694e+06,49743.6
7700.5644541244665,8.65977e+06,115464
7526.893123646963,1.44136e+06,19930.6
7518.213903411398,6.05048e+06,80930.8
7541.0609274018025,2.1604e+06,29446.8
7531.792733737017,2.46726e+06,33508.1
7777.019521548279,4.06848e+06,54699.7
7650.713828226757,9.03088e+06,120375
7265.848388686097,1.12824e+06,15786.5
7274.457546964798,9.01542e+06,120171
6847.632145196322,8.60901e+06,114792
7124.683170560731,6.79054e+06,90725.2
7299.774024092662,7.37412e+06,98448.8
7505.33076951329,5.21914e+06,69928.3
7712.319214663658,6.07359e+06,81236.7
7637.310555848467,3.70366e+06,49871.4
7463.941631721021,4.37914e+06,58811.2
7689.22682777227,2.7004e+06,36593.6
7829.144212051733,5.1907e+06,69551.9
7719.820117796858,2.35626e+06,32039
7760.450439972333,5.99483e+06,80194.4
7716.038283533471,7.27702e+06,97163.7
7624.205732143114,2.21286e+06,30141.2
7660.253725335272,7.61965e+06,101698
7638.149047153434,1.50396e+06,20759.2
7580.867802189004,6.17784e+06,82616.5
7615.732520986468,4.45608e+06,59829.5
7428.4657414369285,6.98062e+06,93240.9
7343.5412105747255,7.62663e+06,101791
6920.524928798542,2.18478e+06,29769.5
6869.748870390807,3.03405e+06,41009.3
6808.016256784218,6.51931e+06,87135.6
6545.913926492528,2.82651e+06,38262.6
6837.383620382766,6.28372e+06,84017.7
6878.484060709034,7.97375e+06,106385
6768.872572025269,3.34143e+06,45077.4
6886.6143404068835,2.46248e+06,33444.8
6834.81593805279,3.84429e+06,51732.6
6839.496669767803,8.0121e+06,106892
6653.790088928177,6.88598e+06,91988.4
6678.037960093371,6.51855e+06,87125.6
6582.3870904809755,9.66691e+06,128793
6685.724840894604,4.28373e+06,57548.4
6366.993440743529,3.13571e+06,42354.8
6372.410861594546,6.87926e+06,91899.5
6160.8682200531175,6.49946e+06,86873
6236.9954420398535,4.45667e+06,59837.2
6352.87450194391,2.59318e+06,35174.6
6374.408174500656,2.68303e+06,36363.7
6112.588275011625,4.28543e+06,57571
5880.784041456541,8.43661e+06,112510
5796.925364337799,5.52218e+06,73938.9
5618.507333354471,7.42928e+06,99178.9
5304.792181510901,8.88267e+06,118414
5512.322583039185,6.32853e+06,84610.7
5420.550623089802,7.38881e+06,98643.3
5377.295601274448,3.80091e+06,51158.5
5441.43660533635,5.06462e+06,67883.2
5417.9166631031385,1.23392e+06,17185.2
5402.8457434018,7.79802e+06,104059
5522.11566566589,5.28972e+06,70862.4
5560.533297355052,3.78552e+06,50954.8
5241.246538896102,5.84972e+06,78273.9
5187.117338865392,6.35409e+06,84949.1
5145.884131134728,8.43757e+06,112523
5024.301561286478,8.60497e+06,114739
4988.255218435619,7.35953e+06,98255.7
4885.228691014265,3.96872e+06,53379.5
4753.013149704627,6.31228e+06,84395.7
4823.787386312657,8.01742e+06,106963
4888.455311921369,9.11078e+06,121433
4780.226077988027,5.16827e+06,69255.1
4904.4841139144855,9.95145e+06,132559
5192.848825773156,5.14123e+06,68897.2
5020.018071370174,3.222e+06,43496.8
5145.720114282593,9.70135e+06,129249
4944.683381822879,6.54308e+06,87450.3
4855.360574601859,4.88146e+06,65459.2
4541.3369937600755,4.11484e+06,55313.2
4488.954266913352,7.2439e+06,96725.4
4514.781992689152,4.35778e+06,58528.5
4513.152218336901,1.91696e+06,26225
4640.631487235041,2.63818e+06,35770.1
4370.902884829486,4.92455e+06,66029.5
4550.439120233678,5.88915e+06,78795.7
4471.886898951693,7.66256e+06,102266
4387.816633403362,4.90856e+06,65817.9
4482.841383633658,2.42605e+06,32962.7
4255.056323018306,5.12718e+06,68711.2
4363.039223349132,1.22804e+06,17107.4
4344.7114241469935,2.89743e+06,39201.3
4345.422706601724,9.65288e+06,128607
4174.811461921245,3.9848e+06,53592.2
4082.8964782192957,9.14761e+06,121920
4015.1337958222157,4.98454e+06,66823.4
4014.9547048016607,1.51203e+06,20865.9
3923.3103401368257,9.98329e+06,132980
3914.8972732434745,1.93312e+06,26438.9
4079.2696275372605,1.13568e+06,15885.1
4106.173635956561,5.81291e+06,77786.7
4129.183145188803,9.76668e+06,130114
4110.838232631362,3.87251e+06,52106.1
4174.808907760781,5.92803e+06,79310.2
4153.784230487353,4.41844e+06,59331.3
4019.430708392826,6.43725e+06,86049.6
4197.2090795230015,4.43958e+06,59611
4082.74633044683,3.97079e+06,53406.8
3993.4641723787845,1.66303e+06,22864.3
3958.569085994351,9.8806e+06,131621
3931.0954255114184,2.58671e+06,35089
4010.265251788677,7.64039e+06,101973
4092.6087275861055,7.31423e+06,97656.2
4360.481439060355,2.95831e+06,40007
4364.033610450269,5.66915e+06,75884.1
4647.241580164721,3.28262e+06,44299.1
4771.838127223916,9.07842e+06,121005
4784.704974826865,3.08378e+06,41667.5
4794.9023777101165,1.12123e+06,15693.8
4943.120952038758,2.78322e+06,37689.7
4947.5029560390685,7.33039e+06,97870
4863.1637147592155,4.05652e+06,54541.4
5146.99415192143,6.14094e+06,82128.1
5257.48518649796,7.09235e+06,94719.7
5162.709560209844,3.6656e+06,49367.7
5058.356188927572,9.00664e+06,120055
5145.200470566278,8.15437e+06,108775
5285.457838804368,4.66952e+06,62654.2
5345.541731925322,4.99647e+06,66981.3
5512.717490391501,1.16253e+06,16240.3
5549.90836683143,2.4513e+06,33296.8
5408.687861789766,9.64787e+06,128541
5092.538219132088,8.39359e+06,111941
5040.6857376717535,7.72225e+06,103056
5074.316004412596,1.2033e+06,16779.9
5008.2901689102555,1.81148e+06,24829.1
5051.993646318247,7.19673e+06,96101.1
4842.639325641651,5.55889e+06,74424.8
4862.5915869979135,5.78714e+06,77445.6
4980.738832409297,4.0919e+06,55009.6
5237.094032625841,4.5592e+06,61194.2
5225.410074833087,7.3671e+06,98355.9
4971.493863180612,3.72714e+06,50182.2
5119.06710894307,7.74631e+06,103375
4969.413148884684,3.40888e+06,45970.1
4603.188709918131,3.70396e+06,49875.3
4514.104503698933,4.64835e+06,62374
4482.930515761701,5.51003e+06,73778.2
4325.253774744801,7.46003e+06,99585.8
4078.3236854827387,7.45348e+06,99499.1
3964.3291150077644,4.87006e+06,65308.3
4068.667712618924,5.07522e+06,68023.6
4115.580635273963,2.62191e+06,35554.9
4196.436290410183,8.8067e+06,117409
4323.326355881932,6.04304e+06,80832.4
4200.653228115785,5.97538e+06,79936.9
4025.907178097386,1.51877e+06,20955.1
3924.491874096675,7.12853e+06,95198.5
3904.9359172500867,3.40107e+06,45866.7
3818.480298908089,7.90723e+06,105504
3972.6583939075754,6.17028e+06,82516.3
3975.7750562060896,8.66249e+06,115500
3916.9925588429164,4.0193e+06,54048.8
3866.4152530660463,3.94639e+06,53083.8
3660.4502917417326,2.40335e+06,32662.2
3685.6405713462686,6.37913e+06,85280.4
3502.1004966308906,9.14499e+06,121886
3566.1417936478188,1.72427e+06,23674.9
3532.4633580517816,5.60847e+06,75080.9
3443.848044289261,9.82857e+06,130933
3377.9071350871236,5.972e+06,79892.2
3378.1271906049424,8.06975e+06,107655
3390.858174874787,3.83086e+06,51554.8
3391.347803451083,5.0639e+06,67873.8
3558.062885744202,4.08909e+06,54972.5
3677.6148361828346,3.53101e+06,47586.4
3742.958279133136,6.63694e+06,88692.4
3794.0983733769895,9.185e+06,122415
3905.782847850826,8.83312e+06,117758
4042.1992871397492,6.6601e+06,88999
3936.221109311617,4.78246e+06,64149
3811.7994122647438,8.48429e+06,113142
3790.1831242878848,3.20084e+06,43216.8
3894.1539973008385,3.99642e+06,53746
3930.267261558219,1.23121e+06,17149.4
3877.2108892072047,3.47618e+06,46860.8
3899.877742238022,6.51517e+06,87080.8
3936.614396847826,6.02093e+06,80539.8
3959.8808182544303,8.91982e+06,118906
3920.9504570853146,8.55214e+06,114039
3885.261480411101,1.14266e+06,15977.4
3950.876385644956,5.63395e+06,75418.2
3975.5320980756896,2.70231e+06,36618.8
3962.0464168544904,4.81919e+06,64635.1
4035.034767248359,8.78548e+06,117128
4193.985857742933,7.30322e+06,97510.4
4159.238085319827,2.16472e+06,29504
4292.0981363227975,5.94258e+06,79502.8
4176.388045953488,2.38201e+06,32379.8
4074.0153358140565,6.41536e+06,85759.9
4051.9871361734954,8.53997e+06,113878
4182.8254692918445,1.06944e+06,15008.4
4173.232949461005,5.79265e+06,77518.5
4047.9308654610777,4.80795e+06,64486.3
3990.4653265894926,5.87209e+06,78569.9
3815.3705042466636,2.65966e+06,36054.4
3955.6340739094076,5.03764e+06,67526.2
3856.285377382134,9.82678e+06,130909
3942.3545580257633,8.32671e+06,111056
3862.029762023854,9.90949e+06,132004
4000.900048433506,6.65371e+06,88914.4
3873.65342854942,5.98556e+06,80071.6
3805.892838267005,2.49261e+06,33843.6
3713.3096664541004,2.56106e+06,34749.4
3852.1433682804363,9.328e+06,124308
3857.9283752027154,1.0918e+06,15304.3
3832.539975338411,8.34785e+06,111336
3810.470345299819,4.87686e+06,65398.3
3741.8521882766963,3.34144e+06,45077.6
3566.9339687578604,1.49016e+06,20576.4
3673.1580596650288,8.75277e+06,116695
3786.4634969018616,3.00385e+06,40609.7
3844.6762524360797,6.97563e+06,93174.9
3707.1049626390286,5.54791e+06,74279.5
3677.167899599693,2.77314e+06,37556.3
3816.4136868599035,8.04336e+06,107306
3752.4547815233695,3.16614e+06,42757.5
3884.3471264339614,1.02013e+06,14355.7
3763.5760225087643,9.70838e+06,129342
3600.71632486593,5.43864e+06,72833.3
3597.975574251221,4.37451e+06,58749.9
3636.950599868403,1.90261e+06,26035.1
3551.4127433051663,5.45693e+06,73075.4
3746.602514456736,7.21905e+06,96396.5
3625.916697676674,2.19821e+06,29947.3
3793.6174995266074,6.60614e+06,88284.8
3776.498863796951,1.14645e+06,16027.6
3767.4526269416397,5.81792e+06,77853
3758.927862693452,1.1878e+06,16574.8
3760.974246947915,8.47615e+06,113034
3932.7599933083793,8.60959e+06,114800
3909.154289481682,4.86226e+06,65205.2
3764.6745909615843,1.70248e+06,23386.4
3762.077308856386,1.13999e+06,15942.1
3584.909991674306,6.77197e+06,90479.5
3628.105040010599,6.54068e+06,87418.5
3484.0474151796916,5.85134e+06,78295.3
3562.444568217931,9.59534e+06,127846
3724.5499092141845,3.34552e+06,45131.5
3710.1197298146067,4.95778e+06,66469.3
3696.060249394917,2.10054e+06,28654.7
3582.8624305499434,2.1015e+06,28667.3
3459.744724858778,8.27485e+06,110370
3402.7175781459728,9.98487e+06,133001
3291.800694221642,9.00489e+06,120031
3206.0956918282723,4.07933e+06,54843.3
3307.3856432542275,4.51476e+06,60606.1
3235.1650665459615,1.71823e+06,23594.9
3120.929948906771,2.55902e+06,34722.5
2931.82302179325,3.38674e+06,45677.1
3039.7463517676715,9.50390e+06,126636
2931.2574819749707,4.6363e+06,62214.6
2880.056951378927,5.699e+06,76279.2
2886.6943439188576,1.25172e+06,17420.8
2927.04171348949,1.54935e+06,21359.8
3039.4432470395013,3.75385e+06,50535.6
2839.3698833836947,4.52457e+06,60735.9
2959.9766802678596,8.33935e+06,111223
2869.908963689565,8.85017e+06,117984
2905.234019293962,9.90592e+06,131956
2784.73919043519,5.24825e+06,70313.6
2843.7219289134987,2.85824e+06,38682.5
2751.110419310802,6.63652e+06,88687
2786.7519651035227,5.01687e+06,67251.3
2722.0935973196906,1.63436e+06,22484.9
2634.4704214106373,1.60163e+06,22051.7
2700.1521619698915,3.82794e+06,51516.3
2800.5913626881265,9.17987e+06,122347
2798.137944605417,7.74749e+06,103390
2909.006467709498,2.37348e+06,32266.9
2827.894404324346,9.92228e+06,132173
2791.2913819625905,1.3353e+06,18527
2784.397421379953,1.61906e+06,22282.3
2781.547735591834,1.4738e+06,20360
2929.7620966577792,9.42834e+06,125636
2887.239760706631,8.62822e+06,115046
3104.2501876643028,2.58501e+06,35066.5
3248.6899312353194,3.97645e+06,53481.7
3270.949274196016,8.17059e+06,108990
3311.7535632388945,7.21969e+06,96405
3228.5695541555633,2.82569e+06,38251.8
3266.216662216279,8.84694e+06,117941
3250.4241208861795,6.50934e+06,87003.7
3207.8113196316604,9.12385e+06,121606
3192.9340475554,3.04214e+06,41116.5
3244.774276693093,6.07951e+06,81315.1
3185.6263137428505,8.97493e+06,119635
3174.7438251054027,2.13608e+06,29125
3263.465501190316,1.92623e+06,26347.7
3358.6387309118863,1.78496e+06,24478
3233.6800247687192,3.98487e+06,53593.2
3363.2523531968754,3.38052e+06,45594.8
3266.315454253317,6.10714e+06,81680.7
3494.0975813455602,9.14202e+06,121846
3548.872269733738,3.86336e+06,51985
3495.1668109734865,5.60388e+06,75020.2
3433.1697893508576,4.93371e+06,66150.8
3561.5028388605097,3.7306e+06,50228
3470.104023903738,8.76709e+06,116884
3526.367479316004,4.755e+06,63785.5
3353.0555667395342,2.63511e+06,35729.5
3277.44262168058,6.52524e+06,87214.1
3291.7488818204374,9.65629e+06,128653
3449.5792676768497,7.81293e+06,104256
3582.348942486931,9.97824e+06,132913
